epoch,loss_value
0,1.0987378092706597
1,1.0931331717668782
2,1.0787849445166644
3,0.9922563365145121
4,0.8734418737998569
