epoch,loss_value
0,1.0975807434344071
1,1.0792405841530077
2,1.0344287583818523
3,0.9497293814957694
4,0.8479644379811054
