epoch,loss_value
0,1.0965410519780068
1,1.0700065803023908
2,1.0188668539533527
3,0.8868450646041407
4,0.7301560909618947
