epoch,loss_value
0,1.099278750476308
1,1.0891110761634897
2,1.0326252840311714
3,0.9553905705007253
4,0.8233064795737223
