epoch,loss_value
0,1.0998281979025435
1,1.0986121888204798
2,1.0989217462123937
3,1.0986121888204798
4,1.0986121888204798
