epoch,loss_value
0,1.0988385756075618
1,1.0826777202449984
2,0.9907205693787912
3,0.8084461232315124
4,0.62556895743588
