epoch,loss_value
0,1.0792694620916046
1,0.9918175984562781
2,0.8897230559012691
3,0.8152625138724968
4,0.7024225924100083
