epoch,loss_value
0,1.0750463308084908
1,0.8798661672927272
2,0.5012194417426892
3,0.2002656298395507
4,0.11436916119080712
