epoch,loss_value
0,1.0982147365454167
1,1.0553191649866545
2,1.00838164262759
3,0.9648041567682748
4,0.8789936208032082
