epoch,loss_value
0,1.1014173531626774
1,1.0967358906643867
2,1.08915477762764
3,1.0852538024418579
4,1.0698438799365508
