epoch,loss_value
0,1.0992367409336992
1,1.0986195057827384
2,1.098612115751642
3,1.0986122688182594
4,1.0986087583645174
