epoch,loss_value
0,1.0979327462623425
1,1.0537801267606264
2,0.9326277768123733
3,0.7095555002497241
4,0.41982221682131526
