epoch,loss_value
0,1.1004359315849517
1,1.0604962571923924
2,0.9334136450778855
3,0.6683781906037224
4,0.3677546653596382
