epoch,loss_value
0,1.0641325770470078
1,0.9248914479264495
2,0.7118096937434046
3,0.42251775664728886
4,0.27700850111647674
