epoch,loss_value
0,1.1000074987524882
1,1.0972337521209112
2,1.0951346179453196
3,1.0915136538849481
4,1.0892652066884614
