epoch,loss_value
0,1.0942660990605424
1,1.0200618570043043
2,0.7262594709308176
3,0.4164072418464852
4,0.2259756506197991
