epoch,loss_value
0,1.0985236331682697
1,1.0931345594448962
2,1.0897093801863758
3,1.0817723312025183
4,1.070259212660191
