epoch,loss_value
0,1.064792609750201
1,0.8917987759236143
2,0.6379057948466493
3,0.3768583995977828
4,0.17980645280060711
