,epoch,loss_value
0,0,1.0953988128168264
1,1,1.062668241629355
2,2,1.0627936170469658
3,3,1.0521599884234771
4,4,1.0506064365845533
