epoch,loss_value
0,1.0952965951816251
1,1.0745231484799909
2,1.0481256204048268
3,1.0828427367670217
4,1.0985895803141625
