epoch,loss_value
0,1.0681410094075978
1,1.0180943248451464
2,0.9054471819687394
3,0.7901313081285283
4,0.6404821126275207
