,epoch,loss_value
0,0,1.0960184308937708
1,1,1.042851953871814
2,2,0.8888586307611301
3,3,0.563195591086283
4,4,0.29293073223635574
