epoch,loss_value
0,1.0989284490184708
1,1.0957857148335506
2,1.0967424246562518
3,1.0704691967529538
4,1.0605399032250107
