epoch,loss_value
0,1.0975577683240922
1,1.076366752740414
2,0.9705144606304295
3,0.7866110436352587
4,0.5890401433292122
