epoch,loss_value
0,1.0772817484453774
1,0.8762308430010293
2,0.48998230388646397
3,0.27212755147815537
4,0.14823939077447867
