epoch,loss_value
0,1.0986526406110515
1,1.0836780338967649
2,1.056359398160302
3,1.0279807257053875
4,0.998645131150199
