epoch,loss_value
0,1.086358132734009
1,0.9882833973419713
2,0.8154095557753287
3,0.5806576985191637
4,0.3557999534839998
