epoch,loss_value
0,1.0902225357065742
1,1.064605224085295
2,1.060286213258771
3,1.051748146626562
4,1.0446010511491541
