epoch,loss_value
0,1.090696217046861
1,1.0105103728320828
2,0.8925250606461277
3,0.7585384511884642
4,0.628952539108861
