,epoch,loss_value
0,0,1.1070059728433466
1,1,1.0986121888204798
2,2,1.0986121888204798
3,3,1.0986121888204798
4,4,1.0986121888204798
