epoch,loss_value
0,1.064498877430844
1,0.8176245620102675
2,0.4373939835726034
3,0.1772194825004555
4,0.1092292084167939
