,epoch,loss_value
0,0,1.0814719508787127
1,1,1.0192716477569217
2,2,1.0427764114017057
3,3,1.0463284677684386
4,4,1.048691058568312
