epoch,loss_value
0,1.096236667355899
1,1.075999851428376
2,1.027593728573193
3,0.9390015784783912
4,0.8880706633412854
