epoch,loss_value
0,1.0962607353492646
1,1.0278012333646949
2,0.8276697578329392
3,0.43885447043566284
4,0.18744022108840816
