epoch,loss_value
0,1.099695845040809
1,1.100729477452791
2,1.0989291060081088
3,1.0986121888204798
4,1.0986121888204798
