epoch,loss_value
0,1.096082756667345
1,1.0076519709124747
2,0.903328021262407
3,0.7755571095127726
4,0.6302785835618859
