epoch,loss_value
0,1.0991997573933168
1,1.0703139500384917
2,1.0595163032904642
3,1.0494597962856922
4,1.0468162495047444
