epoch,loss_value
0,1.0663332139170154
1,0.8957765741738807
2,0.6813318332561256
3,0.4161760819635429
4,0.23312387386117933
