epoch,loss_value
0,1.1026865078562003
1,1.0853921318306161
2,1.063932506379867
3,1.060427048404749
4,1.0596092361440117
