epoch,loss_value
0,1.0944495408979087
1,1.0359792892022681
2,0.8953559074250679
3,0.6310799742311909
4,0.345284098835571
