epoch,loss_value
0,1.084497927989481
1,1.0460703199731785
2,1.008970890523893
3,0.9799834494546666
4,0.9683610816612899
