epoch,loss_value
0,1.099827783425859
1,1.0887890183311473
2,1.0828352320934382
3,1.0698976094688104
4,1.0568399800964516
