epoch,loss_value
0,1.0989338894973815
1,1.0843279686125298
2,1.0275593377167513
3,0.9531939127328689
4,0.9326929699634466
