epoch,loss_value
0,1.0883283312758492
1,0.9576625975151516
2,0.5907569152045912
3,0.3056614913115256
4,0.19430160250814935
