epoch,loss_value
0,1.096291029941453
1,1.0621210303615232
2,1.0455594321065724
3,1.0312398692575755
4,1.0010667936962536
