,epoch,loss_value
0,0,1.092011430304463
1,1,1.0657424196069432
2,2,1.0576824556096227
3,3,1.0552687789836364
4,4,1.0489605553398988
