epoch,loss_value
0,1.0696025310450847
1,0.8628929477071825
2,0.5656508632506215
3,0.2755068783479764
4,0.14632358077219645
