epoch,loss_value
0,1.0986037840144007
1,1.0876848612625343
2,1.046969532179234
3,0.9823287273492649
4,0.8609846923278849
