epoch,loss_value
0,1.0883671635838135
1,0.9820438848618944
2,0.7768414004790736
3,0.5798965388591569
4,0.4385040872478107
