,epoch,loop,f1,roc_auc,accuracy
0,0,train,0.3575657894736842,0.5181743421052631,0.3575657894736842
1,0,validation,0.330026455026455,0.4975198412698412,0.330026455026455
2,1,train,0.3611184210526316,0.5208388157894737,0.3611184210526316
3,1,validation,0.3774801587301587,0.5331101190476191,0.3774801587301587
4,-1,test,0.35267857142857145,0.5145089285714286,0.35267857142857145
