epoch,loss_value
0,1.1012064487804982
1,1.0992526441143242
2,1.093899987647839
3,1.084082445978646
4,1.082359111135828
