,epoch,loss_value
0,0,1.0426339139396636
1,1,0.9150861837117487
2,2,0.6760014892411831
3,3,0.4356721655380773
4,4,0.2493554309620725
