epoch,loss_value
0,1.0839445411450324
1,0.9336007992531539
2,0.7200488678845263
3,0.40649729471068086
4,0.212740292164892
