epoch,loss_value
0,1.097907332794512
1,1.080309999508776
2,1.0498659172965168
3,1.0007631366130068
4,0.9360041145919337
