epoch,loss_value
0,1.0898959797313694
1,0.9546123779276718
2,0.5812580091005273
3,0.27823446299314814
4,0.17716280716413552
