epoch,loss_value
0,1.0826879977550028
1,0.945277680179087
2,0.7525376864122116
3,0.4641880677272338
4,0.26297191812938553
