epoch,loss_value
0,1.0936108907903674
1,1.0788360127054717
2,1.0524078851646916
3,1.0111057345744325
4,0.9568011694571773
