epoch,loss_value
0,1.09096566909528
1,0.9680080294136642
2,0.6665037972766468
3,0.2807868197068198
4,0.10963547924629448
