epoch,loss_value
0,1.096818157987204
1,1.079150468229145
2,1.044183378962891
3,0.9959004791441178
4,0.9394318071665191
