epoch,loss_value
0,1.0975127396526865
1,1.0861243168617964
2,1.0907109328588689
3,1.0986121888204798
4,1.0986121888204798
