epoch,loss_value
0,1.1008978853767426
1,1.0548132936737182
2,1.0475339328912008
3,1.040980810848221
4,1.0384118119193195
