epoch,loss_value
0,1.0918769886818083
1,0.9307211387110197
2,0.46272618720207065
3,0.20401487226845252
4,0.12059945730268562
