epoch,loss_value
0,1.0991216827100303
1,1.098331444487074
2,1.0958357676174713
3,1.0671075665966523
4,1.061654359220356
