epoch,loss_value
0,1.0975273937341243
1,1.0818688797037384
2,1.0450495552355263
3,0.9929503134723698
4,0.8798871519071108
