epoch,loss_value
0,1.0979067847782271
1,1.0796179431275301
2,1.0339919950719554
3,0.9294542466318592
4,0.7850337091493795
