epoch,loss_value
0,1.08401026215547
1,0.9282229516748708
2,0.6948717859336218
3,0.3255949932958837
4,0.1165251115747928
