epoch,loss_value
0,1.0990507467262338
1,1.0876840738828149
2,1.066569208626388
3,1.0123220170347347
4,0.9353384385808141
