epoch,loss_value
0,1.086800916664194
1,0.9404475225955051
2,0.6274697481404837
3,0.3301195758179598
4,0.2075178248800406
