epoch,loss_value
0,1.101511869594317
1,1.06758626134109
2,1.0566127064048536
3,1.0568318039454432
4,1.054003220410769
