epoch,loss_value
0,1.0996278097638996
1,1.0958680438869381
2,1.0892379709090079
3,1.079216255379479
4,1.0678891449025
