epoch,loss_value
0,1.1009513749156634
1,1.091834458208777
2,1.0896045730167525
3,1.0826156010243506
4,1.0750308836781994
