epoch,loss_value
0,1.102200268754241
1,1.0983862826499788
2,1.08823529637789
3,1.0862074817974943
4,1.0766811805483214
