epoch,loss_value
0,1.0993298879545306
1,1.0846964824782337
2,1.059661084153693
3,0.9978998349868795
4,0.9321209367074299
