epoch,loss_value
0,1.056206529332593
1,0.9789163200197005
2,0.9520784293644652
3,0.9132309256015712
4,0.8809794837921425
