epoch,loss_value
0,1.0973963838272398
1,1.0765069485340597
2,1.0322282285954867
3,0.9537117685950417
4,0.8318690554468918
