epoch,loss_value
0,1.0955564796215949
1,1.045472438615726
2,0.894516003809013
3,0.7361960316586211
4,0.5135969507804478
