epoch,loss_value
0,1.0958061829268382
1,1.0727614480879064
2,1.0428952081042835
3,0.975005423849451
4,0.917223103925133
