epoch,loss_value
0,1.0990763699520216
1,1.0859876119948757
2,1.057326668319803
3,1.0129598084655116
4,0.95092249420549
