epoch,loss_value
0,1.1037545065583767
1,1.0984704648802743
2,1.0934798493882938
3,1.0901166293548625
4,1.0852053823685237
