epoch,loss_value
0,1.0867359748447272
1,0.9142861611934445
2,0.4978934861867242
3,0.20732193823062287
4,0.11647827352447586
