,epoch,loss_value
0,0,1.0936371924225217
1,1,1.0733732591374547
2,2,1.0562439733326356
3,3,1.0517152076983232
4,4,1.0525866474469083
