epoch,loss_value
0,1.0957538826462456
1,1.0679861028411743
2,1.0686016794554938
3,1.0570420475585616
4,1.0561429077914402
