,epoch,loop,f1,roc_auc,accuracy
0,0,train,0.33282894736842106,0.49962171052631577,0.33282894736842106
1,0,validation,0.3394510582010582,0.5045882936507936,0.3394510582010582
2,1,train,0.33723684210526317,0.5029276315789474,0.33723684210526317
3,1,validation,0.33812830687830686,0.5035962301587302,0.33812830687830686
4,-1,test,0.3662367724867725,0.5246775793650793,0.3662367724867725
