epoch,loss_value
0,1.083272557907407
1,1.0156691927890953
2,0.9603404167306313
3,0.9275026699353398
4,0.8872240430612702
