epoch,loss_value
0,1.0987993571685832
1,1.09955446754768
2,1.0983054351302717
3,1.0749840251363252
4,1.0072772581637142
