epoch,loss_value
0,1.0849120336605662
1,0.9261003869685346
2,0.5947017940536358
3,0.32438165260432106
4,0.17700783162324873
