epoch,loss_value
0,1.065288914084592
1,1.0229418513954394
2,1.0520123232308594
3,1.0652823826123419
4,1.0339279244094104
