epoch,loss_value
0,1.0808682309431632
1,0.9155813649277076
2,0.6523880760137439
3,0.35143594327659555
4,0.21767389813691496
