epoch,loss_value
0,1.068917562971027
1,0.9223282245852673
2,0.6887665046883386
3,0.34419482151142355
4,0.19936406628143835
