epoch,loss_value
0,1.0932625905368256
1,1.0043236828228284
2,0.9133863524685133
3,0.7865584872987815
4,0.585393100937575
