epoch,loss_value
0,1.0793410714425373
1,0.9738961985750589
2,0.8808484064855537
3,0.7573589478647693
4,0.6305510452905451
