epoch,loss_value
0,1.0853482036011064
1,1.0291537577126426
2,0.9862999934973773
3,1.03879844307742
4,1.0061290846790631
