epoch,loss_value
0,1.0537025667087248
1,0.84392657903573
2,0.4830739420975215
3,0.2480552524446339
4,0.1645507548727794
