epoch,loss_value
0,1.0915060263801282
1,1.0340308859609708
2,0.8316351929617999
3,0.5461478976623858
4,0.25403640544241296
