epoch,loss_value
0,1.098849431999136
1,1.0494038192567612
2,0.9536700582567262
3,0.8306962287882675
4,0.6792196301519478
