epoch,loss_value
0,1.09588182114232
1,1.0050140649198382
2,0.7786690492768583
3,0.45561383217770013
4,0.1848475214984647
