epoch,loss_value
0,1.0870406800878567
1,0.9107931425580891
2,0.5801109700725762
3,0.3010122447694151
4,0.20495366329718456
