epoch,loss_value
0,1.098198506444732
1,1.0579452879992628
2,0.9453239062975703
3,0.8318380037103651
4,0.7074380204416172
