epoch,loss_value
0,1.0848577290261594
1,0.9197890670327876
2,0.6102649475813227
3,0.2966471525448002
4,0.16174942550287535
