epoch,loss_value
0,1.0981102556659492
1,1.0338294433634063
2,0.9980235868275087
3,0.9659627986237741
4,0.8867744397928095
