,epoch,loss_value
0,0,1.058461713349961
1,1,0.9706696664011463
2,2,0.889340099601796
3,3,0.7063879815558933
4,4,0.5165664891428172
