epoch,loss_value
0,1.0591671236912514
1,0.8719913572112352
2,0.5356000498074994
3,0.24500429516109481
4,0.14182066104449872
