epoch,loss_value
0,1.0973674882513371
1,1.0709272010480713
2,1.0182798434752611
3,0.9060546611700222
4,0.7754409464378811
