epoch,loss_value
0,1.0983112239459705
1,1.063151127753516
2,0.9387895062546119
3,0.756420615484724
4,0.5658104980322612
