epoch,loss_value
0,1.0708388929480448
1,0.9113317820953409
2,0.6945222123295974
3,0.35251645344251686
4,0.1755915571747242
