epoch,loss_value
0,1.093996968892953
1,1.062261076867974
2,1.0008833228833136
3,0.907405708393616
4,0.7351571641163593
