,epoch,loss_value
0,0,1.1135896238027192
1,1,1.0838602108873496
2,2,1.0554781300231046
3,3,1.0592754287165411
4,4,1.053327497434427
