epoch,loss_value
0,1.098946135456685
1,1.081437579549288
2,1.0514745813064879
3,1.0361231245799298
4,1.012617576075041
