epoch,loss_value
0,1.0873873917240762
1,0.8966167958913422
2,0.5563443692861176
3,0.259212947190989
4,0.15479740458128474
