epoch,loss_value
0,1.0888026903925987
1,1.0013824901303654
2,0.9332989638516264
3,0.8466696247871832
4,0.6854369886012814
