epoch,loss_value
0,1.0981607563114544
1,1.0814249764345438
2,1.0821099867121546
3,1.0655689762322087
4,1.0653304077360086
