epoch,loss_value
0,1.098100454993103
1,0.93219455261684
2,0.5930142739647446
3,0.24529315249765565
4,0.1375501481926898
