epoch,loss_value
0,1.0963820598556941
1,1.0736991990667668
2,1.0201113579925174
3,0.9205130809521895
4,0.741083329388456
