epoch,loss_value
0,1.096739492454176
1,1.0665247708047239
2,0.9632960858716675
3,0.9151952068273426
4,0.8424347300510583
