epoch,loss_value
0,1.0988534318881116
1,1.0940731494555858
2,1.0897346487763377
3,1.0832957018319336
4,1.0760609357171202
