epoch,loss_value
0,1.100381042399841
1,1.0979773075451467
2,1.0966590121683704
3,1.094328710236039
4,1.0911396151332275
