epoch,loss_value
0,1.0882481564933746
1,0.9258468198335312
2,0.5145247220363138
3,0.26006307064148365
4,0.15187814158524043
