epoch,loss_value
0,1.1034924224944223
1,1.096949821734208
2,1.096690479641389
3,1.096654772286056
4,1.0899201025263636
