epoch,loss_value
0,1.097798550932064
1,1.0765877456614648
2,1.013424019202531
3,0.8928080556257241
4,0.6622952951937717
