epoch,loss_value
0,1.0841064736581698
1,0.9402682677285359
2,0.693147737409826
3,0.40149187333045266
4,0.2595966784295822
