epoch,loss_value
0,1.0857082244742027
1,0.9259091088132467
2,0.6036539295075591
3,0.3080610768325735
4,0.16966231425183295
