epoch,loss_value
0,1.0783157285642435
1,1.0501855934626831
2,1.0308069559195554
3,1.0267236336691692
4,1.0986121888204798
