epoch,loss_value
0,1.0979674709677854
1,1.0870089045918916
2,1.036190791993034
3,0.8747111198294273
4,0.7163474581830568
