,epoch,loop,f1,roc_auc,accuracy
0,0,train,0.37219286657859973,0.5291446499339497,0.37219286657859973
1,0,validation,0.3574730354391371,0.5181047765793528,0.3574730354391371
2,1,train,0.3991841491841492,0.5226221928665786,0.3190224570673712
3,1,validation,0.5,0.5,0.0
4,2,train,0.5,0.5,0.0
5,2,validation,0.5,0.5,0.0
6,3,train,0.5,0.5,0.0
7,3,validation,0.5,0.5,0.0
8,4,train,0.5,0.5,0.0
9,4,validation,0.5,0.5,0.0
10,-1,test,0.5,0.5,0.0
