,epoch,loss_value
0,0,1.0976742866647133
1,1,1.0852149644647595
2,2,1.0986121888204798
3,3,1.0986121888204798
4,4,1.0986121888204798
