epoch,loss_value
0,1.0576473693394126
1,0.8483256509470971
2,0.48268968898365017
3,0.223670772036914
4,0.11501062644185446
