,epoch,loss_value
0,0,1.09726228172272
1,1,1.0456067246521479
2,2,0.9070015835478568
3,3,0.6164041122955564
4,4,0.3507759845083582
