epoch,loss_value
0,1.094007300574682
1,1.074384831689308
2,1.0474413471146335
3,0.9707218545588666
4,0.8714154059537336
