epoch,loss_value
0,1.0985885712083139
1,1.0986192676791111
2,1.0986121888204798
3,1.0985968040506622
4,1.1010060121392637
