epoch,loss_value
0,1.0975024079709577
1,1.0851880612744995
2,1.0477518556612486
3,0.9578294237507224
4,0.8515672491595169
