epoch,loss_value
0,1.08929311898457
1,0.9352980233246616
2,0.7005631180389081
3,0.38753108997168595
4,0.23592764241534778
