,epoch,loop,f1,roc_auc,accuracy
0,0,train,0.32861842105263156,0.4964638157894737,0.32861842105263156
1,0,validation,0.3506944444444444,0.5130208333333334,0.3506944444444444
2,1,train,0.32664473684210527,0.49498355263157895,0.32664473684210527
3,1,validation,0.3829365079365079,0.5372023809523809,0.3829365079365079
4,-1,test,0.30026455026455023,0.4751984126984127,0.30026455026455023
