epoch,loss_value
0,1.0918018713967488
1,0.92565501224412
2,0.5522482388873081
3,0.2386220987674582
4,0.13082799026090527
