epoch,loss_value
0,1.09978803775742
1,1.0986439296717372
2,1.0986286708826747
3,1.0986167442845858
4,1.0986121888204798
