epoch,loss_value
0,1.1006631492151138
1,1.0834849035094247
2,1.0580947969202321
3,1.004300217647376
4,0.8885562549021632
