,epoch,loop,f1,roc_auc,accuracy
0,0,train,0.33809210526315786,0.5035690789473684,0.33809210526315786
1,0,validation,0.3194444444444444,0.4895833333333333,0.3194444444444444
2,1,train,0.34453947368421056,0.5084046052631579,0.34453947368421056
3,1,validation,0.3239087301587301,0.4929315476190476,0.3239087301587301
4,-1,test,0.3075396825396825,0.4806547619047619,0.3075396825396825
