epoch,loss_value
0,1.095363623872301
1,1.0752523584756386
2,1.0302469702031527
3,0.9383453774798657
4,0.7848509050895862
