epoch,loss_value
0,1.0985635186753469
1,1.0873338265967023
2,1.0754869932227595
3,1.0548870554058523
4,1.033088401255236
