epoch,loss_value
0,1.0876472043550156
1,1.0671503528106165
2,1.0535040645019853
3,1.0583676951722079
4,1.0555371772030386
