,epoch,loop,f1,roc_auc,accuracy
0,0,train,0.34828947368421054,0.5112171052631579,0.34828947368421054
1,0,validation,0.31035052910052907,0.48276289682539686,0.31035052910052907
2,1,train,0.35526315789473684,0.5164473684210527,0.35526315789473684
3,1,validation,0.3014219576719577,0.47606646825396826,0.3014219576719577
4,-1,test,0.32771164021164023,0.4957837301587302,0.32771164021164023
