epoch,loss_value
0,1.099826437951394
1,1.0853385994582385
2,1.0612330468201732
3,1.0126684748197325
4,0.9403401737641469
