epoch,loss_value
0,1.0626766924184097
1,0.8208215781530585
2,0.45023841587051533
3,0.20136069849901186
4,0.13741692695938926
