epoch,loss_value
0,1.0984956522126494
1,1.0956615954440683
2,1.0918993370378662
3,1.0867402197662717
4,1.0746088500381934
