epoch,loss_value
0,1.0924967932102703
1,1.0444601259269362
2,0.9063486045071439
3,0.6483945355232672
4,0.3821193984509144
