epoch,loss_value
0,1.0986219202039107
1,1.0927348105406667
2,1.075984927748122
3,1.0216889299521201
4,0.9434654092221783
