epoch,loss_value
0,1.0966769260018474
1,1.0952654054961715
2,1.0725493336605743
3,1.0612858182687899
4,1.0461612686298325
