epoch,loss_value
0,1.0899902882947632
1,0.9260571761994255
2,0.5248738935160668
3,0.21522877620264907
4,0.1081580785023174
