epoch,loss_value
0,1.0961209357650938
1,1.0325279689370561
2,0.8871360832980318
3,0.6536320446346994
4,0.38765003281193966
