epoch,loss_value
0,1.0992333533111935
1,1.0677504111155178
2,0.983250831518337
3,0.7652920375884446
4,0.4582471672735882
