epoch,loss_value
0,1.099622383142872
1,1.0986121888204798
2,1.1003505859223823
3,1.0986121888204798
4,1.0986121888204798
