epoch,loss_value
0,1.091291163052719
1,0.9872851989070837
2,0.7790505492388021
3,0.4902566061939557
4,0.2530230804195177
