epoch,loss_value
0,1.0992909586413848
1,1.053367013187988
2,0.9727736407573503
3,0.8694930807287501
4,0.6998505715177428
