epoch,loss_value
0,1.0813901345669987
1,1.0356911605068997
2,0.9835763349243325
3,0.8865208342336758
4,0.8203258177405777
