epoch,loss_value
0,1.0857461094068883
1,0.948753064028338
2,0.7973076522429049
3,0.5570329382051092
4,0.26337392090806244
