epoch,loss_value
0,1.1028087828874273
1,1.100735762002761
2,1.0955545735327696
3,1.0854799813606937
4,1.0800123328104358
