epoch,loss_value
0,1.067645327418137
1,0.9880512494549568
2,0.9563581644307669
3,0.9112346698302416
4,0.8402880639664563
