epoch,loss_value
0,1.0984669651348966
1,1.0303836026311393
2,0.8660918148222184
3,0.6911128379867131
4,0.434194309078403
