,epoch,loop,f1,roc_auc,accuracy
0,0,train,0.3457236842105263,0.5092927631578947,0.3457236842105263
1,0,validation,0.341765873015873,0.5063244047619048,0.341765873015873
2,1,train,0.34559210526315787,0.5091940789473685,0.34559210526315787
3,1,validation,0.3751653439153439,0.5313740079365079,0.3751653439153439
4,-1,test,0.3462301587301587,0.5096726190476191,0.3462301587301587
