epoch,loss_value
0,1.0973268966221275
1,1.0799139097155794
2,1.0443805161681483
3,0.9744284786037913
4,0.8793489621211547
