epoch,loss_value
0,1.089609446582265
1,1.0306779743028285
2,0.8764511515316277
3,0.6064425765129503
4,0.3650144381126293
