epoch,loss_value
0,1.086215297643543
1,0.9069011768860105
2,0.5790286590117601
3,0.24024162783018035
4,0.12807557532069233
