epoch,loss_value
0,1.094599945542047
1,1.0437019516958743
2,0.9215619630196293
3,0.7780481162757823
4,0.625636038723521
