,epoch,loop,f1,roc_auc,accuracy
0,0,train,0.3480921052631579,0.5110690789473684,0.3480921052631579
1,0,validation,0.35284391534391535,0.5146329365079365,0.35284391534391535
2,1,train,0.3343421052631579,0.5007565789473684,0.3343421052631579
3,1,validation,0.35648148148148145,0.5173611111111112,0.35648148148148145
4,-1,test,0.34771825396825395,0.5107886904761905,0.34771825396825395
