epoch,loss_value
0,1.1010407733791256
1,1.0980445346555119
2,1.0976114203781873
3,1.0948870027710929
4,1.0926551705464977
