epoch,loss_value
0,1.0949754299229328
1,1.026451711138142
2,0.9600375514364305
3,0.896091409529531
4,0.850440513505016
