epoch,loss_value
0,1.091328687050541
1,1.0290964578857824
2,0.9999129416290646
3,0.9751351096985992
4,0.9679769524809864
