epoch,loss_value
0,1.0713302059249172
1,0.8818491865810661
2,0.5392120167947666
3,0.19475088066752394
4,0.10785567938120079
