epoch,loss_value
0,1.064516698668466
1,0.8778017634917125
2,0.6209331059550357
3,0.3250500577129178
4,0.17486289934878935
