epoch,loss_value
0,1.082947833062478
1,0.9143389716960952
2,0.5361118121380221
3,0.28038153788530057
4,0.17619861943876097
