epoch,loss_value
0,1.1002243305291965
1,1.0964885564272437
2,1.0913754422881958
3,1.0657347083249211
4,0.9812838058018148
