epoch,loss_value
0,1.0967552009945345
1,1.052810515878695
2,0.9065530252897598
3,0.7246778937280571
4,0.4567531276410606
