epoch,loss_value
0,1.0927612809870328
1,1.0289473993460128
2,0.8340992348039796
3,0.45164642419021384
4,0.2407211013325297
