epoch,loss_value
0,1.0946460878833282
1,1.0331801776054514
2,0.8903946404098048
3,0.7604892238128138
4,0.6230642868001678
