epoch,loss_value
0,1.0940557874178163
1,1.034711645647903
2,0.8940126760475229
3,0.6101232285228714
4,0.2708150222405417
