epoch,loss_value
0,1.0985900949455474
1,1.0673407828004704
2,1.0109097708799093
3,0.8946764226633774
4,0.6924672479516134
