epoch,loss_value
0,1.098991103657328
1,1.0941963712321878
2,1.0854499595168403
3,1.0698556578773488
4,1.0149307376957317
