,epoch,loop,f1,roc_auc,accuracy
0,0,train,0.38276670574443145,0.5100726552179657,0.3044914134742404
1,0,validation,0.5125939019001325,0.5485362095531587,0.01848998459167951
2,1,train,0.49351978171896316,0.4985138705416116,0.01915455746367239
3,1,validation,0.5,0.5,0.0
4,2,train,0.5,0.5,0.0
5,2,validation,0.5,0.5,0.0
6,3,train,0.5,0.5,0.0
7,3,validation,0.5,0.5,0.0
8,4,train,0.5,0.5,0.0
9,4,validation,0.5,0.5,0.0
10,-1,test,0.5,0.5,0.0
