,epoch,loss_value
0,0,1.1031197594525477
1,1,1.0702412893781574
2,2,1.0622895674157489
3,3,1.0553446565625533
4,4,1.060569714681003
