,epoch,loss_value
0,0,1.1128052021112278
1,1,1.0892065859533837
2,2,1.0571646684069615
3,3,1.05604271403707
4,4,1.0544365860197
