epoch,loss_value
0,1.097062240031153
1,1.087248363142127
2,1.0656320579458258
3,0.9903150228402101
4,0.9553085967130673
