epoch,loss_value
0,1.0990550716455578
1,1.0964197873124357
2,1.047156144952207
3,0.975663033312819
4,0.9576366152442116
