epoch,loss_value
0,1.102913274475259
1,1.0989096967830683
2,1.0938958945331045
3,1.0906507852370388
4,1.0823777581773
