epoch,loss_value
0,1.099786189619742
1,1.0986035503201
2,1.098615960054385
3,1.0915186395733327
4,1.0675888653632986
