epoch,loss_value
0,1.0942685733225732
1,1.0376936983085845
2,0.895022465971691
3,0.6248098248062235
4,0.3489933297372715
