epoch,loss_value
0,1.0962739236446164
1,1.077445438390049
2,1.039573121417309
3,0.9624660541075853
4,0.8501181432404008
