,epoch,loss_value
0,0,1.0743671893443583
1,1,0.9953755796979251
2,2,0.9424346416125682
3,3,0.8316783734955278
4,4,0.7283382138613823
