epoch,loss_value
0,1.097428428292117
1,1.0712949646983783
2,1.0316026654867074
3,0.9567975323927764
4,0.8222713275188814
