epoch,loss_value
0,1.0968808031775048
1,1.0969529586550109
2,1.0906968343525614
3,1.079026168687183
4,1.0682789791213
