,epoch,loop,f1,roc_auc,accuracy
0,0,train,0.34868421052631576,0.5115131578947368,0.34868421052631576
1,0,validation,0.2986111111111111,0.4739583333333333,0.2986111111111111
2,1,train,0.3371710526315789,0.5028782894736842,0.3371710526315789
3,1,validation,0.29844576719576715,0.4738343253968254,0.29844576719576715
4,-1,test,0.30968915343915343,0.48226686507936506,0.30968915343915343
