epoch,loss_value
0,1.090756415690897
1,1.0256608159255478
2,0.9584995065686567
3,0.9286796095506675
4,0.864625450169552
