epoch,loss_value
0,1.0984549824753715
1,1.0733080962217625
2,0.9374714414226174
3,0.7412019364899972
4,0.6220862169404325
