epoch,loss_value
0,1.0981881149221442
1,1.0666326638729444
2,1.0631780945640574
3,1.0527553804012082
4,1.0491567035962286
