epoch,loss_value
0,1.0943845411272943
1,1.0341763162549924
2,0.8846914985535796
3,0.5524146451345365
4,0.2340250383358808
