epoch,loss_value
0,1.094751820381598
1,1.0295975469692538
2,0.9527168796745915
3,0.8767672624424238
4,0.7124251594946596
