epoch,loss_value
0,1.0747724461272024
1,0.845604262232308
2,0.466191126144389
3,0.2086855280194604
4,0.12159559565695935
