epoch,loss_value
0,1.09965971627985
1,1.0967591624593798
2,1.0912691668128716
3,1.0886369847558448
4,1.0806672733715061
