epoch,loss_value
0,1.0781249363797187
1,0.8784589358018601
2,0.5170686657551573
3,0.2450400275157339
4,0.12773121214290906
