epoch,loss_value
0,1.1019383705119004
1,1.0786271114172992
2,1.0336618316378272
3,0.9508870747161825
4,0.7815109376390827
