epoch,loss_value
0,1.0983310029245272
1,1.0943804807675561
2,1.0884224193729215
3,1.0795778447129767
4,1.0667482411373244
