epoch,loss_value
0,1.0999991468583261
1,1.0966899839071176
2,1.0947107134910996
3,1.0886795561726217
4,1.0828186227906806
