epoch,loss_value
0,1.0977380165493158
1,1.066223619478697
2,0.9851883909661358
3,0.7593608463141216
4,0.46212535348562145
