epoch,loss_value
0,1.0979776483230894
1,1.085753085591204
2,1.0100040146035278
3,0.8809051198719987
4,0.6769957640054519
