epoch,loss_value
0,1.0929083395823147
1,1.0487601073603965
2,0.9630289191141469
3,0.8128795397013938
4,0.6623996113534018
