epoch,loss_value
0,1.079264389476499
1,0.9399954538836662
2,0.7438852717728407
3,0.4219817860123346
4,0.22288298299794468
