epoch,loss_value
0,1.0693201924252227
1,0.8657229375020359
2,0.5423869000085909
3,0.25975547063618387
4,0.1346976555874042
