epoch,loss_value
0,1.0914794261735843
1,1.0986192727183415
2,1.0986121888204798
3,1.0986121888204798
4,1.0986121888204798
