epoch,loss_value
0,1.0489809831193448
1,0.8849157165819619
2,0.6157077051689319
3,0.3483323810752506
4,0.20863863270695332
