epoch,loss_value
0,1.1010310590030967
1,1.0797891686110705
2,1.0583939060982184
3,1.054441615171445
4,1.0510475670173272
