epoch,loss_value
0,1.07770997592921
1,0.8794649500827966
2,0.5329331772173097
3,0.24102815349870502
4,0.1325807949697877
