epoch,loss_value
0,1.0984676095264592
1,1.076043326127167
2,1.0364746600192636
3,1.0088338429893182
4,0.979612075825821
