epoch,loss_value
0,1.1014556966653115
1,1.0992113835273047
2,1.0986121888204798
3,1.0986121888204798
4,1.0986121888204798
