epoch,loss_value
0,1.0825496620672068
1,0.9769864460278691
2,0.7819304059959623
3,0.5299699136414018
4,0.32635921806766305
