epoch,loss_value
0,1.1051203899055995
1,1.0992661353933921
2,1.1005156522068038
3,1.0975909409466318
4,1.0977312979956442
