epoch,loss_value
0,1.0806607519777165
1,0.9348023570827952
2,0.586982447058553
3,0.28036876383041925
4,0.16146813959001394
