epoch,loss_value
0,1.09480496977248
1,1.035010312633439
2,0.841118537922989
3,0.5196225145533976
4,0.24066767336670283
