epoch,loss_value
0,1.0706659226310458
1,0.8889742414104104
2,0.6007769485760869
3,0.2939643236652233
4,0.151822449036602
