epoch,loss_value
0,1.0763889222037997
1,0.8775818609340975
2,0.5717507955105176
3,0.2962587474989293
4,0.1795003778710863
