epoch,loss_value
0,1.078792413285733
1,0.8884733419279757
2,0.5902922184968089
3,0.30504827872607637
4,0.19838888386124193
