epoch,loss_value
0,1.0976988491325428
1,1.0706596468997285
2,1.035212508595919
3,0.9442824233948318
4,0.8445513368125321
