epoch,loss_value
0,1.0787902520858785
1,1.0261460742673283
2,0.9763452323298788
3,0.9627138582529449
4,0.9392072949730735
