epoch,loss_value
0,1.088185643582867
1,0.952931989924281
2,0.5837188522913339
3,0.2946790837863635
4,0.16490405683788315
