epoch,loss_value
0,1.0997354546500324
1,1.0985090017633679
2,1.097756222028241
3,1.0937948289919088
4,1.0758463400988156
