epoch,loss_value
0,1.0555162215642286
1,0.8667195362962852
2,0.548621932455539
3,0.2765118322252755
4,0.16852175213071754
