epoch,loss_value
0,1.099550625764552
1,1.0970375087491115
2,1.0947846503364835
3,1.0904904388216086
4,1.0845502566157432
