epoch,loss_value
0,1.11741708795807
1,1.0936432804425138
2,1.049097944912224
3,1.0393733864888806
4,1.0402921723248622
