epoch,loss_value
0,1.102625127512681
1,1.096372250994099
2,1.0741275947349074
3,1.0573006677816534
4,1.0574221094501852
