epoch,loss_value
0,1.1017424087070884
1,1.0970920880215644
2,1.095652202318965
3,1.0905416424397276
4,1.0876798447088647
