epoch,loss_value
0,1.0669520395750098
1,0.828785111441165
2,0.47048647369072333
3,0.1588615231619486
4,0.07942757341159382
