epoch,loss_value
0,1.0786851268148485
1,1.0664052408941513
2,1.0558910999776823
3,1.04775722118161
4,1.0444746603266566
