epoch,loss_value
0,1.087610821742835
1,1.012197463641551
2,0.9382787802732763
3,0.8793684104002294
4,0.8386206759171883
