epoch,loss_value
0,1.1042341266314608
1,1.0961711831892813
2,1.0923480074188354
3,1.0895631423557135
4,1.0832059153477456
