epoch,loss_value
0,1.0872066616224645
1,0.9635670093753064
2,0.7223970269589947
3,0.40439536990388697
4,0.28269048796934687
