epoch,loss_value
0,1.0957618704560252
1,1.0682561136142423
2,1.0159176010121758
3,0.9211986553086314
4,0.7493606961702576
