epoch,loss_value
0,1.1030214806056557
1,1.0747978123522497
2,1.0278855743307418
3,0.937123640052866
4,0.7791649901567709
