epoch,loss_value
0,1.0985059227937122
1,1.0823310155377206
2,1.021787301394867
3,0.8764001538920434
4,0.7259887401777341
