epoch,loss_value
0,1.099532088326337
1,1.0764802821876194
2,1.0251870287614266
3,0.9444520715993179
4,0.7998132721436071
