epoch,loss_value
0,1.0541052471851262
1,0.9039423645251335
2,0.6603482116008844
3,0.39235126161197376
4,0.1949957046987516
