epoch,loss_value
0,1.097861501625696
1,1.0457251723880339
2,0.9118585070026756
3,0.642355434173322
4,0.3165354041316235
