epoch,loss_value
0,1.0973014995317951
1,1.0545384162640792
2,1.0478312991254395
3,1.0535013156019082
4,1.0492274972217717
