epoch,loss_value
0,1.0961037784460514
1,1.0731917555140063
2,1.026879069984668
3,0.9428981191415925
4,0.9319881429130524
