epoch,loss_value
0,1.098454101869893
1,1.092549612531574
2,1.0805528324535374
3,1.0561542158240214
4,0.9965446748065823
