epoch,loss_value
0,1.0787521945595584
1,1.02216666913253
2,0.981196108708451
3,0.9095642280074691
4,0.8243691407862553
