epoch,loss_value
0,1.1067107501716564
1,1.0935475375882229
2,1.0922658648169654
3,1.0836032636886859
4,1.0732620408072024
