epoch,loss_value
0,1.1004486134376676
1,1.0767905847556998
2,1.0083475768014967
3,0.8631843342648787
4,0.712206104157623
