epoch,loss_value
0,1.0877788095209684
1,0.9245393588016969
2,0.631594198068193
3,0.337161859480204
4,0.20978564953079626
