epoch,loss_value
0,1.0809511943096528
1,0.8638976020258673
2,0.4847588309208657
3,0.1960490519572123
4,0.13292454374041235
