epoch,loss_value
0,1.0989214677949248
1,1.0982813602079646
2,1.0716595498542332
3,1.0263969769093604
4,0.9478384012275202
