epoch,loss_value
0,1.0987153374534617
1,1.0815871268943877
2,1.0523903259670404
3,0.9733421515914534
4,0.9118478307635812
