epoch,loss_value
0,1.0918918046485164
1,1.0341302381638964
2,0.8451401075567248
3,0.5048293114653352
4,0.215796259624325
