,epoch,loop,f1,roc_auc,accuracy
0,0,train,0.3438815789473684,0.5079111842105263,0.3438815789473684
1,0,validation,0.3169642857142857,0.4877232142857143,0.3169642857142857
2,1,train,0.31526315789473686,0.48644736842105263,0.31526315789473686
3,1,validation,0.335978835978836,0.501984126984127,0.335978835978836
4,-1,test,0.31646825396825395,0.48735119047619047,0.31646825396825395
