epoch,loss_value
0,1.0962115461634203
1,1.0393148596094652
2,0.9176001929858875
3,0.8384243764839525
4,0.7340653030843999
