epoch,loss_value
0,1.1069953299891524
1,1.099713598878727
2,1.0993611519686297
3,1.0988133756771112
4,1.0985925099966234
