epoch,loss_value
0,1.1001073674765098
1,1.094197291521604
2,1.0885185055247701
3,1.081975076441091
4,1.0732913288131574
