epoch,loss_value
0,1.0987267091063244
1,1.0986371531669183
2,1.0983195115899473
3,1.0986121888204798
4,1.0986121888204798
