epoch,loss_value
0,1.0905526789837816
1,1.0600368028587834
2,0.9787064833244213
3,0.853905975739896
4,0.6754126674747845
