epoch,loss_value
0,1.0974264018916706
1,1.0641511220440683
2,0.9799317752984272
3,0.915570400192684
4,0.8569324807100284
