epoch,loss_value
0,1.0905362485736962
1,1.009291674060897
2,0.8240719187999811
3,0.5527685776726887
4,0.2997808654053208
