epoch,loss_value
0,1.0905817301459169
1,1.004400590924322
2,0.8445954096049583
3,0.6428971196102813
4,0.37512040374458544
