epoch,loss_value
0,1.0557005175511147
1,0.9988935129173209
2,0.986097806983454
3,0.9804681711184301
4,0.9733859311636719
