,epoch,loop,f1,roc_auc,accuracy
0,0,train,0.3401315789473684,0.5050986842105263,0.3401315789473684
1,0,validation,0.34837962962962965,0.5112847222222222,0.34837962962962965
2,1,train,0.3536184210526316,0.5152138157894737,0.3536184210526316
3,1,validation,0.34325396825396826,0.5074404761904762,0.34325396825396826
4,-1,test,0.36689814814814814,0.5251736111111112,0.36689814814814814
