epoch,loss_value
0,1.0965070787477682
1,1.0652655761497023
2,0.926144697549636
3,0.6048619611732553
4,0.3009485263805566
