epoch,loss_value
0,1.1023176626611102
1,1.093961185949167
2,1.0868512673926007
3,1.0742776466329316
4,1.0587043459853218
