epoch,loss_value
0,1.101273283460811
1,1.0829678898286001
2,1.0361496517176356
3,0.9251961134856411
4,0.6976369674486087
