epoch,loss_value
0,1.1014151176341773
1,1.0947332375903112
2,1.0926765532600675
3,1.0877366689583743
4,1.0780592758400438
