,epoch,loss_value
0,0,1.085324904720251
1,1,0.9570287228260519
2,2,0.758568505787314
3,3,0.49132873769480456
4,4,0.21736390953649776
