epoch,loss_value
0,1.099765526886188
1,1.0877432684602322
2,1.0625826540837358
3,1.0071543633071718
4,0.9292818892112339
