epoch,loss_value
0,1.0945668069343113
1,1.0986121888204798
2,1.0986121888204798
3,1.0986121888204798
4,1.0986121888204798
