,epoch,loss_value
0,0,1.1042247196484747
1,1,1.0811960605838025
2,2,1.0663099005483732
3,3,1.054693245352338
4,4,1.0696752735929098
