epoch,loss_value
0,1.0997276325049457
1,1.0979318064459092
2,1.0849887515311196
3,1.0754470144899235
4,1.0427357290663524
