,epoch,loop,f1,roc_auc,accuracy
0,0,train,0.33677631578947365,0.5025822368421052,0.33677631578947365
1,0,validation,0.32523148148148145,0.49392361111111116,0.32523148148148145
2,1,train,0.35572368421052636,0.5167927631578947,0.35572368421052636
3,1,validation,0.36061507936507936,0.5204613095238095,0.36061507936507936
4,-1,test,0.42824074074074076,0.5711805555555556,0.42824074074074076
