epoch,loss_value
0,1.1059430971485777
1,1.0943871199533521
2,1.0933629720025206
3,1.0884309703166766
4,1.0771389171343342
