epoch,loss_value
0,1.09227354145428
1,0.9747466726063737
2,0.8052538017615617
3,0.5319757811144447
4,0.23632380122237664
